id;first_name;last_name;email;phone_number
1;Силантий;Batz;Apollinarii81@yahoo.com;with freely
2;Юлий;Rodriguez;Maiya_Conn@gmail.com;forsake between
3;Ярополк;Dietrich;Fevroniya_Zulauf57@hotmail.com;treasured
4;Корнил;Pollich;Prokl.Rogahn@ya.ru;except regularise tan
5;Прокл;Hirthe;Galaktion59@yahoo.com;plight
6;Святослав;Keeling;Ermil11@mail.ru;clan bonnet
7;Ермолай;Becker;Stanislav_Mosciski@gmail.com;acidly eek suborn
8;Нонна;Hodkiewicz;Firs_Treutel92@hotmail.com;afore however phew
9;Евстигней;Robel;Gennadii.Stamm-Kshlerin78@yahoo.com;outside gnu mockingly
10;Елена;Wintheiser;Natan_Yost35@mail.ru;though
